{
  "parent": "minecraft:item/generated",
  "textures": {"layer0": "minecraft:item/music_disc_13"},
  "overrides": [
    {
      "predicate": {"custom_model_data": 6301264},
      "model": "item/custom_music_disc_igrzyska"
    },
    {
      "predicate": {"custom_model_data": 4632768},
      "model": "item/custom_music_disc_cudo"
    },
    {
      "predicate": {"custom_model_data": 4380576},
      "model": "item/custom_music_disc_lava_chiicken"
    },
    {
      "predicate": {"custom_model_data": 419520},
      "model": "item/custom_music_disc_bad_girls"
    },
    {
      "predicate": {"custom_model_data": 7357776},
      "model": "item/custom_music_disc_pato_love"
    },
    {
      "predicate": {"custom_model_data": 1513984},
      "model": "item/custom_music_disc_sciernisko"
    },
    {
      "predicate": {"custom_model_data": 2998560},
      "model": "item/custom_music_disc_uczucie"
    },
    {
      "predicate": {"custom_model_data": 7234384},
      "model": "item/custom_music_disc_excited"
    },
    {
      "predicate": {"custom_model_data": 543152},
      "model": "item/custom_music_disc_antyk"
    },
    {
      "predicate": {"custom_model_data": 936784},
      "model": "item/custom_music_disc_temacik"
    },
    {
      "predicate": {"custom_model_data": 514512},
      "model": "item/custom_music_disc_o_jak_mi_o"
    },
    {
      "predicate": {"custom_model_data": 5198256},
      "model": "item/custom_music_disc_jezyk"
    }
  ]
}