{
  "customdisc.pato_love": {
    "sounds": [{
      "stream": true,
      "name": "custom/pato_love"
    }],
    "category": "record"
  },
  "customdisc.excited": {
    "sounds": [{
      "stream": true,
      "name": "custom/excited"
    }],
    "category": "record"
  },
  "customdisc.antyk": {
    "sounds": [{
      "stream": true,
      "name": "custom/antyk"
    }],
    "category": "record"
  },
  "customdisc.gabor": {
    "sounds": [{
      "stream": true,
      "name": "custom/gabor"
    }],
    "category": "record"
  },
  "customdisc.jezyk": {
    "sounds": [{
      "stream": true,
      "name": "custom/jezyk"
    }],
    "category": "record"
  },
  "customdisc.igrzyska": {
    "sounds": [{
      "stream": true,
      "name": "custom/igrzyska"
    }],
    "category": "record"
  },
  "customdisc.uczucie": {
    "sounds": [{
      "stream": true,
      "name": "custom/uczucie"
    }],
    "category": "record"
  },
  "customdisc.bad_girls": {
    "sounds": [{
      "stream": true,
      "name": "custom/bad_girls"
    }],
    "category": "record"
  },
  "customdisc.cudo": {
    "sounds": [{
      "stream": true,
      "name": "custom/cudo"
    }],
    "category": "record"
  },
  "customdisc.temacik": {
    "sounds": [{
      "stream": true,
      "name": "custom/temacik"
    }],
    "category": "record"
  },
  "customdisc.dawidos": {
    "sounds": [{
      "stream": true,
      "name": "custom/dawidos"
    }],
    "category": "record"
  },
  "customdisc.vaderq": {
    "sounds": [{
      "stream": true,
      "name": "custom/vaderq"
    }],
    "category": "record"
  },
  "customdisc.lava_chiicken": {
    "sounds": [{
      "stream": true,
      "name": "custom/lava_chiicken"
    }],
    "category": "record"
  },
  "customdisc.aira": {
    "sounds": [{
      "stream": true,
      "name": "custom/aira"
    }],
    "category": "record"
  },
  "customdisc.sciernisko": {
    "sounds": [{
      "stream": true,
      "name": "custom/sciernisko"
    }],
    "category": "record"
  },
  "customdisc.o_jak_mi_o": {
    "sounds": [{
      "stream": true,
      "name": "custom/o_jak_mi_o"
    }],
    "category": "record"
  },
  "customdisc.moglo": {
    "sounds": [{
      "stream": true,
      "name": "custom/moglo"
    }],
    "category": "record"
  },
  "customdisc.misia": {
    "sounds": [{
      "stream": true,
      "name": "custom/misia"
    }],
    "category": "record"
  }
}